{
  "formatVersion": 1,
  "database": {
    "version": 5,
    "identityHash": "7b5321ab9543e4d3925e8df66e8d4102",
    "entities": [
      {
        "tableName": "watch_history",
        "createSql": "CREATE TABLE IF NOT EXISTS `${TABLE_NAME}` (`id` TEXT NOT NULL, `ownerId` INTEGER NOT NULL, `seasons` INTEGER, `episodes` TEXT NOT NULL, `episodesWatched` TEXT NOT NULL, `dateWatched` INTEGER NOT NULL, `film` TEXT NOT NULL, PRIMARY KEY(`id`))",
        "fields": [
          {
            "fieldPath": "id",
            "columnName": "id",
            "affinity": "TEXT",
            "notNull": true
          },
          {
            "fieldPath": "ownerId",
            "columnName": "ownerId",
            "affinity": "INTEGER",
            "notNull": true
          },
          {
            "fieldPath": "seasons",
            "columnName": "seasons",
            "affinity": "INTEGER",
            "notNull": false
          },
          {
            "fieldPath": "episodes",
            "columnName": "episodes",
            "affinity": "TEXT",
            "notNull": true
          },
          {
            "fieldPath": "episodesWatched",
            "columnName": "episodesWatched",
            "affinity": "TEXT",
            "notNull": true
          },
          {
            "fieldPath": "dateWatched",
            "columnName": "dateWatched",
            "affinity": "INTEGER",
            "notNull": true
          },
          {
            "fieldPath": "film",
            "columnName": "film",
            "affinity": "TEXT",
            "notNull": true
          }
        ],
        "primaryKey": {
          "autoGenerate": false,
          "columnNames": [
            "id"
          ]
        },
        "indices": [],
        "foreignKeys": []
      },
      {
        "tableName": "watchlist",
        "createSql": "CREATE TABLE IF NOT EXISTS `${TABLE_NAME}` (`id` TEXT NOT NULL, `ownerId` INTEGER NOT NULL, `addedOn` INTEGER NOT NULL, `film` TEXT NOT NULL, PRIMARY KEY(`id`))",
        "fields": [
          {
            "fieldPath": "id",
            "columnName": "id",
            "affinity": "TEXT",
            "notNull": true
          },
          {
            "fieldPath": "ownerId",
            "columnName": "ownerId",
            "affinity": "INTEGER",
            "notNull": true
          },
          {
            "fieldPath": "addedOn",
            "columnName": "addedOn",
            "affinity": "INTEGER",
            "notNull": true
          },
          {
            "fieldPath": "film",
            "columnName": "film",
            "affinity": "TEXT",
            "notNull": true
          }
        ],
        "primaryKey": {
          "autoGenerate": false,
          "columnNames": [
            "id"
          ]
        },
        "indices": [],
        "foreignKeys": []
      },
      {
        "tableName": "User",
        "createSql": "CREATE TABLE IF NOT EXISTS `${TABLE_NAME}` (`userId` INTEGER PRIMARY KEY AUTOINCREMENT NOT NULL, `name` TEXT NOT NULL, `image` INTEGER NOT NULL)",
        "fields": [
          {
            "fieldPath": "id",
            "columnName": "userId",
            "affinity": "INTEGER",
            "notNull": true
          },
          {
            "fieldPath": "name",
            "columnName": "name",
            "affinity": "TEXT",
            "notNull": true
          },
          {
            "fieldPath": "image",
            "columnName": "image",
            "affinity": "INTEGER",
            "notNull": true
          }
        ],
        "primaryKey": {
          "autoGenerate": true,
          "columnNames": [
            "userId"
          ]
        },
        "indices": [],
        "foreignKeys": []
      },
      {
        "tableName": "search_history",
        "createSql": "CREATE TABLE IF NOT EXISTS `${TABLE_NAME}` (`id` INTEGER PRIMARY KEY AUTOINCREMENT NOT NULL, `ownerId` INTEGER NOT NULL, `searchedOn` INTEGER NOT NULL, `query` TEXT NOT NULL)",
        "fields": [
          {
            "fieldPath": "id",
            "columnName": "id",
            "affinity": "INTEGER",
            "notNull": true
          },
          {
            "fieldPath": "ownerId",
            "columnName": "ownerId",
            "affinity": "INTEGER",
            "notNull": true
          },
          {
            "fieldPath": "searchedOn",
            "columnName": "searchedOn",
            "affinity": "INTEGER",
            "notNull": true
          },
          {
            "fieldPath": "query",
            "columnName": "query",
            "affinity": "TEXT",
            "notNull": true
          }
        ],
        "primaryKey": {
          "autoGenerate": true,
          "columnNames": [
            "id"
          ]
        },
        "indices": [
          {
            "name": "index_search_history_query_ownerId",
            "unique": true,
            "columnNames": [
              "query",
              "ownerId"
            ],
            "orders": [],
            "createSql": "CREATE UNIQUE INDEX IF NOT EXISTS `index_search_history_query_ownerId` ON `${TABLE_NAME}` (`query`, `ownerId`)"
          }
        ],
        "foreignKeys": []
      }
    ],
    "views": [],
    "setupQueries": [
      "CREATE TABLE IF NOT EXISTS room_master_table (id INTEGER PRIMARY KEY,identity_hash TEXT)",
      "INSERT OR REPLACE INTO room_master_table (id,identity_hash) VALUES(42, '7b5321ab9543e4d3925e8df66e8d4102')"
    ]
  }
}