{
  "formatVersion": 1,
  "database": {
    "version": 8,
    "identityHash": "ea491f064f529e9d5ddbecbd88771ce8",
    "entities": [
      {
        "tableName": "library_lists",
        "createSql": "CREATE TABLE IF NOT EXISTS `${TABLE_NAME}` (`listId` INTEGER PRIMARY KEY AUTOINCREMENT NOT NULL, `ownerId` INTEGER NOT NULL, `name` TEXT NOT NULL, `description` TEXT, `createdAt` INTEGER NOT NULL, `updatedAt` INTEGER NOT NULL)",
        "fields": [
          {
            "fieldPath": "id",
            "columnName": "listId",
            "affinity": "INTEGER",
            "notNull": true
          },
          {
            "fieldPath": "ownerId",
            "columnName": "ownerId",
            "affinity": "INTEGER",
            "notNull": true
          },
          {
            "fieldPath": "name",
            "columnName": "name",
            "affinity": "TEXT",
            "notNull": true
          },
          {
            "fieldPath": "description",
            "columnName": "description",
            "affinity": "TEXT",
            "notNull": false
          },
          {
            "fieldPath": "createdAt",
            "columnName": "createdAt",
            "affinity": "INTEGER",
            "notNull": true
          },
          {
            "fieldPath": "updatedAt",
            "columnName": "updatedAt",
            "affinity": "INTEGER",
            "notNull": true
          }
        ],
        "primaryKey": {
          "autoGenerate": true,
          "columnNames": [
            "listId"
          ]
        },
        "indices": [],
        "foreignKeys": []
      },
      {
        "tableName": "library_list_items",
        "createSql": "CREATE TABLE IF NOT EXISTS `${TABLE_NAME}` (`itemId` TEXT NOT NULL, `film` TEXT NOT NULL, PRIMARY KEY(`itemId`))",
        "fields": [
          {
            "fieldPath": "id",
            "columnName": "itemId",
            "affinity": "TEXT",
            "notNull": true
          },
          {
            "fieldPath": "film",
            "columnName": "film",
            "affinity": "TEXT",
            "notNull": true
          }
        ],
        "primaryKey": {
          "autoGenerate": false,
          "columnNames": [
            "itemId"
          ]
        },
        "indices": [],
        "foreignKeys": []
      },
      {
        "tableName": "library_list_and_item_cross_ref",
        "createSql": "CREATE TABLE IF NOT EXISTS `${TABLE_NAME}` (`listId` INTEGER NOT NULL, `itemId` TEXT NOT NULL, `addedAt` INTEGER NOT NULL, PRIMARY KEY(`listId`, `itemId`), FOREIGN KEY(`listId`) REFERENCES `library_lists`(`listId`) ON UPDATE NO ACTION ON DELETE CASCADE , FOREIGN KEY(`itemId`) REFERENCES `library_list_items`(`itemId`) ON UPDATE NO ACTION ON DELETE RESTRICT )",
        "fields": [
          {
            "fieldPath": "listId",
            "columnName": "listId",
            "affinity": "INTEGER",
            "notNull": true
          },
          {
            "fieldPath": "itemId",
            "columnName": "itemId",
            "affinity": "TEXT",
            "notNull": true
          },
          {
            "fieldPath": "addedAt",
            "columnName": "addedAt",
            "affinity": "INTEGER",
            "notNull": true
          }
        ],
        "primaryKey": {
          "autoGenerate": false,
          "columnNames": [
            "listId",
            "itemId"
          ]
        },
        "indices": [],
        "foreignKeys": [
          {
            "table": "library_lists",
            "onDelete": "CASCADE",
            "onUpdate": "NO ACTION",
            "columns": [
              "listId"
            ],
            "referencedColumns": [
              "listId"
            ]
          },
          {
            "table": "library_list_items",
            "onDelete": "RESTRICT",
            "onUpdate": "NO ACTION",
            "columns": [
              "itemId"
            ],
            "referencedColumns": [
              "itemId"
            ]
          }
        ]
      },
      {
        "tableName": "search_history",
        "createSql": "CREATE TABLE IF NOT EXISTS `${TABLE_NAME}` (`id` INTEGER PRIMARY KEY AUTOINCREMENT NOT NULL, `query` TEXT NOT NULL, `ownerId` INTEGER NOT NULL, `searchedOn` INTEGER NOT NULL)",
        "fields": [
          {
            "fieldPath": "id",
            "columnName": "id",
            "affinity": "INTEGER",
            "notNull": true
          },
          {
            "fieldPath": "query",
            "columnName": "query",
            "affinity": "TEXT",
            "notNull": true
          },
          {
            "fieldPath": "ownerId",
            "columnName": "ownerId",
            "affinity": "INTEGER",
            "notNull": true
          },
          {
            "fieldPath": "searchedOn",
            "columnName": "searchedOn",
            "affinity": "INTEGER",
            "notNull": true
          }
        ],
        "primaryKey": {
          "autoGenerate": true,
          "columnNames": [
            "id"
          ]
        },
        "indices": [
          {
            "name": "index_search_history_query_ownerId",
            "unique": true,
            "columnNames": [
              "query",
              "ownerId"
            ],
            "orders": [],
            "createSql": "CREATE UNIQUE INDEX IF NOT EXISTS `index_search_history_query_ownerId` ON `${TABLE_NAME}` (`query`, `ownerId`)"
          }
        ],
        "foreignKeys": []
      },
      {
        "tableName": "User",
        "createSql": "CREATE TABLE IF NOT EXISTS `${TABLE_NAME}` (`userId` INTEGER PRIMARY KEY AUTOINCREMENT NOT NULL, `name` TEXT NOT NULL, `image` INTEGER NOT NULL, `pin` TEXT, `pinHint` TEXT)",
        "fields": [
          {
            "fieldPath": "id",
            "columnName": "userId",
            "affinity": "INTEGER",
            "notNull": true
          },
          {
            "fieldPath": "name",
            "columnName": "name",
            "affinity": "TEXT",
            "notNull": true
          },
          {
            "fieldPath": "image",
            "columnName": "image",
            "affinity": "INTEGER",
            "notNull": true
          },
          {
            "fieldPath": "pin",
            "columnName": "pin",
            "affinity": "TEXT",
            "notNull": false
          },
          {
            "fieldPath": "pinHint",
            "columnName": "pinHint",
            "affinity": "TEXT",
            "notNull": false
          }
        ],
        "primaryKey": {
          "autoGenerate": true,
          "columnNames": [
            "userId"
          ]
        },
        "indices": [],
        "foreignKeys": []
      },
      {
        "tableName": "watch_history",
        "createSql": "CREATE TABLE IF NOT EXISTS `${TABLE_NAME}` (`id` TEXT NOT NULL, `film` TEXT NOT NULL, `ownerId` INTEGER NOT NULL, `seasons` INTEGER, `episodes` TEXT NOT NULL, `episodesWatched` TEXT NOT NULL, `dateWatched` INTEGER NOT NULL, PRIMARY KEY(`id`))",
        "fields": [
          {
            "fieldPath": "id",
            "columnName": "id",
            "affinity": "TEXT",
            "notNull": true
          },
          {
            "fieldPath": "film",
            "columnName": "film",
            "affinity": "TEXT",
            "notNull": true
          },
          {
            "fieldPath": "ownerId",
            "columnName": "ownerId",
            "affinity": "INTEGER",
            "notNull": true
          },
          {
            "fieldPath": "seasons",
            "columnName": "seasons",
            "affinity": "INTEGER",
            "notNull": false
          },
          {
            "fieldPath": "episodes",
            "columnName": "episodes",
            "affinity": "TEXT",
            "notNull": true
          },
          {
            "fieldPath": "episodesWatched",
            "columnName": "episodesWatched",
            "affinity": "TEXT",
            "notNull": true
          },
          {
            "fieldPath": "dateWatched",
            "columnName": "dateWatched",
            "affinity": "INTEGER",
            "notNull": true
          }
        ],
        "primaryKey": {
          "autoGenerate": false,
          "columnNames": [
            "id"
          ]
        },
        "indices": [],
        "foreignKeys": []
      },
      {
        "tableName": "watchlist",
        "createSql": "CREATE TABLE IF NOT EXISTS `${TABLE_NAME}` (`id` TEXT NOT NULL, `film` TEXT NOT NULL, `ownerId` INTEGER NOT NULL, `addedOn` INTEGER NOT NULL, PRIMARY KEY(`id`))",
        "fields": [
          {
            "fieldPath": "id",
            "columnName": "id",
            "affinity": "TEXT",
            "notNull": true
          },
          {
            "fieldPath": "film",
            "columnName": "film",
            "affinity": "TEXT",
            "notNull": true
          },
          {
            "fieldPath": "ownerId",
            "columnName": "ownerId",
            "affinity": "INTEGER",
            "notNull": true
          },
          {
            "fieldPath": "addedOn",
            "columnName": "addedOn",
            "affinity": "INTEGER",
            "notNull": true
          }
        ],
        "primaryKey": {
          "autoGenerate": false,
          "columnNames": [
            "id"
          ]
        },
        "indices": [],
        "foreignKeys": []
      }
    ],
    "views": [],
    "setupQueries": [
      "CREATE TABLE IF NOT EXISTS room_master_table (id INTEGER PRIMARY KEY,identity_hash TEXT)",
      "INSERT OR REPLACE INTO room_master_table (id,identity_hash) VALUES(42, 'ea491f064f529e9d5ddbecbd88771ce8')"
    ]
  }
}